<?xml version="1.0" encoding="UTF-8"?>
<beans xmlns="http://www.springframework.org/schema/beans" xmlns:xsi="http://www.w3.org/2001/XMLSchema-instance"
       xmlns:util="http://www.springframework.org/schema/util"
       xsi:schemaLocation="http://www.springframework.org/schema/beans http://www.springframework.org/schema/beans/spring-beans.xsd http://www.springframework.org/schema/util http://www.springframework.org/schema/util/spring-util.xsd"
       default-lazy-init="true">

    <bean id="withdrawnRequest" class="org.dspace.correctiontype.WithdrawnCorrectionType" >
        <property name="id" value="request-withdrawn"/>
        <property name="topic" value="REQUEST/WITHDRAWN"/>
    </bean>

    <bean id="reinstateRequest" class="org.dspace.correctiontype.ReinstateCorrectionType" >
        <property name="id" value="request-reinstate"/>
        <property name="topic" value="REQUEST/REINSTATE"/>
    </bean>

</beans>
