<?xml version="1.0" encoding="UTF-8"?>
<beans xmlns="http://www.springframework.org/schema/beans"
    xmlns:xsi="http://www.w3.org/2001/XMLSchema-instance"
    xmlns:context="http://www.springframework.org/schema/context"
    xmlns:util="http://www.springframework.org/schema/util"
    xsi:schemaLocation="http://www.springframework.org/schema/beans
           http://www.springframework.org/schema/beans/spring-beans-2.5.xsd
           http://www.springframework.org/schema/context
           http://www.springframework.org/schema/context/spring-context-2.5.xsd
           http://www.springframework.org/schema/util 
           http://www.springframework.org/schema/util/spring-util-3.0.xsd">

    <context:annotation-config /> <!-- allows us to use spring annotations in beans -->

    <!-- This is defined in the solr-services.xml
	<bean id="org.dspace.app.nbevent.service.NBEventService" 
	   class="org.dspace.app.nbevent.service.impl.NBEventServiceImpl" /> -->
 
	 <util:map id="suggestionProviders" map-class="java.util.HashMap" 
	          key-type="java.lang.String" value-type="org.dspace.app.suggestion.SuggestionProvider">
	    <entry key="scopus">
			<bean class="org.dspace.app.suggestion.MockSolrSuggestionProvider">
				<property name="sourceName" value="scopus"></property>
			</bean>
		</entry>
	    <entry key="reciter">
            <bean class="org.dspace.app.suggestion.MockSolrSuggestionProvider">
                <property name="sourceName" value="reciter"></property>
            </bean>
        </entry>
	</util:map>

 </beans>
