<?xml version="1.0" encoding="UTF-8"?>
<!-- Logging configuration for DSpace command line tools -->
<Configuration strict='true'
               xmlns='http://logging.apache.org/log4j/2.0/config'>

    <Properties>
        <!-- Default log file directory for DSpace.
             NOTE: The value of 'dspace.dir' will be replaced by its value in
             your configuration when DSpace is installed. -->
        <Property name='log.dir'>${log4j:configParentLocation}/../log</Property>
    </Properties>

    <Appenders>
        <!-- A1 is for Handle Plugin activity -->
        <Appender name='A1'
                  filePattern="${log.dir}/handle-plugin.log-%d{yyyy-MM-dd}"
                  type='RollingFile'
                  fileName='${log.dir}/handle-plugin.log'

        >
            <!-- NOTE: The %equals patterns are providing a default value of "unknown" if "correlationID" or
                 "requestID" are not currently set in the ThreadContext. -->
            <Layout type='PatternLayout'
                    pattern='%d %-5p %c @ %m%n'/>
            <policies>
                <policy type='TimeBasedTriggeringPolicy'>yyyy-MM-dd</policy>
            </policies>
            <!-- Sample deletion policy:  keep last 30 archived files
            <DefaultRolloverStrategy>
                <Delete basePath='${log.dir}'>
                    <IfFileName glob='dspace.log-*'/>
                    <IfAccumulatedFileCount exceeds='30'/>
                </Delete>
            </DefaultRolloverStrategy>
            -->
        </Appender>

    </Appenders>

    <Loggers>
        <!-- Block passwords from being exposed in Axis logs. (DEBUG exposes passwords in Basic Auth) -->
        <Logger name='org.apache.axis.handlers.http.HTTPAuthHandler'
                level='INFO'/>
        <Root level='INFO'>
            <AppenderRef ref='A1'/>
        </Root>
    </Loggers>
</Configuration>
