<?xml version="1.0" encoding="UTF-8" ?>
<!--
    This is the DSpace "xoai" core.
    See dspace-oai.

    You should find the extensively commented example schema distributed with
    Solr in [Solr]/server/solr/configsets/_default/conf/.
-->

<schema name="xoai" version="1.2">
  <types>
    <fieldtype name="lengthfilter" class="solr.TextField">
      <analyzer>
        <tokenizer class="solr.KeywordTokenizerFactory"/>
        <!-- ignore fields with more than 10000 chars because lucene doesn't swallow 
        the MaxBytesLengthExceededException any longer. 
        See https://issues.apache.org/jira/browse/LUCENE-5710  
        This leads to an error if the content of a metadata field exceeds 32766 Bytes. -->
        <filter class="solr.LengthFilterFactory" min="0" max="10000" />
      </analyzer>
    </fieldtype>

    <fieldType name="string" class="solr.StrField" sortMissingLast="true" omitNorms="true"/>
    <fieldType name="boolean" class="solr.BoolField" sortMissingLast="true" omitNorms="true"/>
    <fieldType name="int" class="solr.IntPointField" omitNorms="true" positionIncrementGap="0" docValues="true"/>
    <fieldType name="float" class="solr.FloatPointField" omitNorms="true" positionIncrementGap="0" docValues="true"/>
    <fieldType name="long" class="solr.LongPointField" omitNorms="true" positionIncrementGap="0" docValues="true"/>
    <fieldType name="double" class="solr.DoublePointField" omitNorms="true" positionIncrementGap="0" docValues="true"/>
    <fieldType name="date" class="solr.DatePointField" omitNorms="true" positionIncrementGap="0" docValues="true"/>
    <fieldType name="pint" class="solr.IntPointField" omitNorms="true" docValues="true"/>
    <fieldType name="plong" class="solr.LongPointField" omitNorms="true" docValues="true"/>
    <fieldType name="pfloat" class="solr.FloatPointField" omitNorms="true" docValues="true"/>
    <fieldType name="pdouble" class="solr.DoublePointField" omitNorms="true" docValues="true"/>
    <fieldType name="pdate" class="solr.DatePointField" sortMissingLast="true" omitNorms="true" docValues="true"/>
    <fieldType name="sint" class="solr.IntPointField" sortMissingLast="true" omitNorms="true" docValues="true"/>
    <fieldType name="slong" class="solr.LongPointField" sortMissingLast="true" omitNorms="true" docValues="true"/>
    <fieldType name="sfloat" class="solr.FloatPointField" sortMissingLast="true" omitNorms="true" docValues="true"/>
    <fieldType name="sdouble" class="solr.DoublePointField" sortMissingLast="true" omitNorms="true" docValues="true"/>
    <fieldType name="random" class="solr.RandomSortField" indexed="true" />

    <fieldType name="text" class="solr.TextField" positionIncrementGap="100">
      <analyzer type="index">
        <tokenizer class="solr.WhitespaceTokenizerFactory"/>
        <filter class="solr.StopFilterFactory"
                ignoreCase="true"
                words="stopwords.txt"
                />
        <filter class="solr.WordDelimiterFilterFactory"
                generateWordParts="1"
                generateNumberParts="1"
                catenateWords="1"
                catenateNumbers="1"
                catenateAll="0"
                splitOnCaseChange="1"/>
        <filter class="solr.LowerCaseFilterFactory"/>
        <filter class="solr.SnowballPorterFilterFactory" language="English" protected="protwords.txt"/>
      </analyzer>
      <analyzer type="query">
        <tokenizer class="solr.WhitespaceTokenizerFactory"/>
        <filter class="solr.SynonymFilterFactory" synonyms="synonyms.txt" ignoreCase="true" expand="true"/>
        <filter class="solr.StopFilterFactory"
                ignoreCase="true"
                words="stopwords.txt"
                />
        <filter class="solr.WordDelimiterFilterFactory"
                generateWordParts="1"
                generateNumberParts="1"
                catenateWords="0"
                catenateNumbers="0"
                catenateAll="0"
                splitOnCaseChange="1"/>
        <filter class="solr.LowerCaseFilterFactory"/>
        <filter class="solr.SnowballPorterFilterFactory" language="English" protected="protwords.txt"/>
      </analyzer>
    </fieldType>

    <fieldType name="textgen" class="solr.TextField" positionIncrementGap="100">
      <analyzer type="index">
        <tokenizer class="solr.WhitespaceTokenizerFactory"/>
        <filter class="solr.StopFilterFactory"
                ignoreCase="true"
                words="stopwords.txt" />
        <filter class="solr.WordDelimiterFilterFactory"
                generateWordParts="1"
                generateNumberParts="1"
                catenateWords="1"
                catenateNumbers="1"
                catenateAll="0"
                splitOnCaseChange="0"/>
        <filter class="solr.LowerCaseFilterFactory"/>
      </analyzer>
      <analyzer type="query">
        <tokenizer class="solr.WhitespaceTokenizerFactory"/>
        <filter class="solr.SynonymFilterFactory" synonyms="synonyms.txt" ignoreCase="true" expand="true"/>
        <filter class="solr.StopFilterFactory"
                ignoreCase="true"
                words="stopwords.txt"
                />
        <filter class="solr.WordDelimiterFilterFactory"
                generateWordParts="1"
                generateNumberParts="1"
                catenateWords="0"
                catenateNumbers="0"
                catenateAll="0"
                splitOnCaseChange="0"/>
        <filter class="solr.LowerCaseFilterFactory"/>
      </analyzer>
    </fieldType>

    <!-- UUID support -->
    <fieldType name="uuid" class="solr.UUIDField" indexed="true" />

    <!-- These fields are ignored -->
    <fieldType name="ignored" class="solr.StrField" indexed="false" stored="false"/>
 </types>

 <fields>
   <field name="_version_" type="long" indexed="true" stored="true" multiValued="false"/>
   <!-- Item always present information -->
   <field name="item.id" type="uuid" indexed="true" stored="true" multiValued="false" />
   <field name="item.public" type="boolean" indexed="true" stored="true" multiValued="false" />
   <field name="item.handle" type="string" indexed="true" stored="true" multiValued="false" />
   <field name="item.collections" type="string" indexed="true" stored="true" multiValued="true" />
   <field name="item.communities" type="string" indexed="true" stored="true" multiValued="true" />
   <field name="item.lastmodified" type="date" indexed="true" stored="true" multiValued="false" />
   <field name="item.submitter" type="string" indexed="true" stored="true" multiValued="false" />
   <field name="item.deleted" type="boolean" indexed="true" stored="true" multiValued="false" />
   <!-- if true, item.public will change in the future due to an embargo being set/lifted -->
   <field name="item.willChangeStatus" type="boolean" indexed="true" stored="true" multiValued="false" />
   <!-- Used in RIOXX OAI context to determine whether an item has files in ORIGINAL Bundle -->
   <field name="item.hasbitstream" type="boolean" indexed="true" stored="true" multiValued="false" />

   <!-- Item compiled -->
   <field name="item.compile" type="string" indexed="false" stored="true" multiValued="false" />

   <!-- Item metadata -->
   <dynamicField name="metadata.*" type="lengthfilter" indexed="true" stored="true" multiValued="true" />
 
   <!-- Dynamic fields (not used by default) -->
   <dynamicField name="*_i"  type="int"     indexed="true"  stored="true"/>
   <dynamicField name="*_s"  type="string"  indexed="true"  stored="true"/>
   <dynamicField name="*_l"  type="long"    indexed="true"  stored="true"/>
   <dynamicField name="*_t"  type="text"    indexed="true"  stored="true"/>
   <dynamicField name="*_b"  type="boolean" indexed="true"  stored="true"/>
   <dynamicField name="*_f"  type="float"   indexed="true"  stored="true"/>
   <dynamicField name="*_d"  type="double"  indexed="true"  stored="true"/>
   <dynamicField name="*_dt" type="date"    indexed="true"  stored="true"/>

   <dynamicField name="*_ti" type="int"     indexed="true"  stored="true"/>
   <dynamicField name="*_tl" type="long"    indexed="true"  stored="true"/>
   <dynamicField name="*_tf" type="float"   indexed="true"  stored="true"/>
   <dynamicField name="*_td" type="double"  indexed="true"  stored="true"/>

   <dynamicField name="*_pi" type="pint"    indexed="true"  stored="true"/>

   <dynamicField name="ignored_*" type="ignored" multiValued="true"/>
   <dynamicField name="attr_*" type="textgen" indexed="true" stored="true" multiValued="true"/>

   <dynamicField name="random_*" type="random" />
   
 </fields>
 <uniqueKey>item.handle</uniqueKey>
</schema>
