<dspace-dc-types>

  <dspace-header>
    <title>DSpace Submission Workflow Types Registry</title>
    <contributor.author>Bram De Schouwer</contributor.author>
    <contributor.author>Kevin Van de Velde</contributor.author>
    <contributor.author>Ben Bosman</contributor.author>
    <contributor.author>Mark Diggory</contributor.author>
  </dspace-header>

  <dc-schema>
      <name>workflow</name>
      <namespace>http://www.dspace.org/workflow</namespace>
  </dc-schema>


  <dc-type>
	<schema>workflow</schema>
    <element>score</element>
    <scope_note>Metadata field used for the score review rating</scope_note>
  </dc-type>

  <dc-type>
    <schema>workflow</schema>
    <element>review</element>
    <scope_note>Metadata field used for the score review description</scope_note>
  </dc-type>

</dspace-dc-types>
